Algorithm,Average Reward,Average Length,Collision Rate,Training Time
A2C,4.523792920873955,6.0,0.0,241.97987818717957
PPO,4.343319484562287,6.0,0.0,294.48605585098267
DQN,0.39402433497364736,1.0,0.0,942.7028813362122
